Sample_id,Hafnia,Anaerostipes,AF12,Fusibacter,Oribacterium,CandidatusAzobacteroides,SMB53,Turicibacter,Tannerella,Desulfovibrio,Blvii28,Alistipes,Bacteroides,Megamonas,Haemophilus,Polaribacter,Ruminococcus,Clostridium,Victivallis,Shuttleworthia,Paenibacillus,Prevotella,Gemella,Blautia,Sharpea,Ethanoligenens,Krokinobacter,Kleidoceria,Dialister,Rikenella,cc_115,Anaerofilum,Parabacteroides,Erwinia,Coprobacillus,rc4-4,Roseburia,Odoribacter,C39,CF231,Akkermansia,Porphyromonas,CandidatusPhlomobacter,Actinobacillus,Robinsoniella,Bifidobacterium,Citrobacter,Lachnospira,Oscillospira,Methanomassiliicoccus,Holdemania,Caldicoprobacter,Catenibacterium,Collinsella,Pectinatus,Coprococcus,Dorea,Paludibacter,Streptococcus,Ruminofilibacter,Methanobacterium,Serratia,Anaerofustis,Moryella,Bilophila,Mannheimia,Sutterella,Methanobrevibacter,Rummeliibacillus,Glaciecola,Anaerovorax,Dysgonomonas,Dehalobacter_Syntrophobotulus,Paraprevotella,Adlercreutzia,Anaerotruncus,Butyricimonas,Trabulsiella,Desulfosporosinus,gut,Ellin506,Dehalobacterium,Klebsiella,Baumannia,Plesiomonas,PW3,Lachnobacterium,Pseudomonas,5-7N15,Faecalibacterium,CandidatusHamiltonella,Butyrivibrio,Pseudobutyrivibrio
MGYA00005315,0.0998668442,0.3328894807,0.016644474,0.0332889481,0.016644474,0.0332889481,0.3661784288,0.2163781625,0.1997336884,1.1318242344,0.0332889481,0.0665778961,34.8368841545,0.2496671105,0.0998668442,0.016644474,6.258322237,1.2150466045,0.016644474,0.1165113182,0.016644474,3.2623169108,0.016644474,0.7323568575,0.016644474,0.016644474,0.1664447403,0.016644474,0.2829560586,0.7157123835,0.0665778961,0.0832223702,17.5599201065,0.0499334221,0.1165113182,0.016644474,0.2663115846,8.7050599201,0.016644474,0.1165113182,1.930758988,0.0499334221,0.016644474,0.016644474,0.016644474,0.0665778961,0.0665778961,0.8821571238,6.3249001332,0.0998668442,0.016644474,0.0332889481,0.016644474,0.0499334221,0.0499334221,2.1138482024,0.8155792277,0.3162450067,0.0499334221,0.0332889481,0.016644474,0.0665778961,0.0332889481,0.1830892144,0.8322237017,0.016644474,0.6824234354,4.4107856192,0.016644474,0.016644474,0.016644474,0.1165113182,0.016644474,0.3328894807,0.016644474,0.1165113182,0.8821571238,0.016644474,0.016644474,0.016644474,0.016644474,0.0499334221,0.1997336884,0.016644474,0.016644474,0.0499334221,0.016644474,0.016644474,0.0332889481,1.1151797603,0.016644474,0.0499334221,0.016644474
