Sample_id,GW-34,Anaerostipes,Fusibacter,SMB53,YRC22,Turicibacter,Aerococcus,Tannerella,Blvii28,Streptomyces,Alistipes,Anaerovibrio,Sufflavibacter,Ruminococcus,Bacteroides,Desulfosporosinus,Veillonella,Shuttleworthia,Prevotella,Eubacterium,Gemella,Blautia,Bacillus,Staphylococcus,Krokinobacter,Christensenella,Clostridium,Actinomyces,Sarcina,Dialister,Haemophilus,cc_115,Peptococcus,Erwinia,Coprobacillus,Anaerofilum,Roseburia,Odoribacter,CF231,Streptococcus,Mogibacterium,Enterococcus,Akkermansia,Porphyromonas,Megasphaera,Bulleidia,Adlercreutzia,Succinatimonas,Lactobacillus,Bifidobacterium,Lachnospira,Oscillospira,Anaerobaculum,Caldicoprobacter,Lactococcus,Collinsella,Pectinatus,Coprococcus,Allobaculum,Dorea,Paludibacter,Sporomusa,Bilophila,Anaerotruncus,Sutterella,Methanobrevibacter,Parabacteroides,Succiniclasticum,Parvimonas,Dysgonomonas,Syntrophococcus,Paraprevotella,Phascolarctobacterium,Butyricimonas,Marvinbryantia,Catonella,Dehalobacterium,PW3,Lachnobacterium,Pseudobutyrivibrio,02d06,Megamonas,5-7N15,Barnesiella,Faecalibacterium,CandidatusHamiltonella,Klebsiella,Butyrivibrio,Lysinibacillus
MGYA00005301,0.0070180364,0.2315951997,0.0070180364,0.336865745,0.0070180364,0.0350901818,0.0070180364,0.0350901818,0.0210541091,0.0070180364,0.1614148361,0.0070180364,0.0070180364,6.3864130816,22.457716331,0.0070180364,0.0350901818,0.0912344726,26.4930872342,1.508877816,0.0070180364,2.8072145414,0.0421082181,0.0070180364,0.0070180364,0.0070180364,0.5052986174,0.0210541091,0.0070180364,3.4879640677,0.0140360727,0.0210541091,0.0631623272,0.0140360727,0.0421082181,0.1403607271,0.9965611622,0.1614148361,0.0631623272,0.5052986174,0.0070180364,0.0210541091,0.0491262545,0.0210541091,0.0421082181,0.0210541091,0.0280721454,0.0140360727,0.0210541091,1.3053547617,4.4213629027,2.1685732332,0.0070180364,0.0070180364,0.0070180364,0.6737314899,0.0421082181,3.3476033406,0.0070180364,1.1579759983,0.0140360727,0.0070180364,0.0350901818,0.0070180364,1.0948136711,0.0140360727,2.4492946873,0.0070180364,0.0140360727,0.119306618,0.0140360727,2.2527896695,0.0631623272,0.3298477086,0.0140360727,0.0070180364,0.0140360727,0.0421082181,0.119306618,0.0070180364,0.0140360727,0.1543967998,0.0842164362,0.0070180364,12.8640606358,0.0210541091,0.0210541091,0.0631623272,0.0070180364
