Sample_id,GW-34,Anaerostipes,Rubrivivax,Thioalkalivibrio,CandidatusAzobacteroides,SMB53,Turicibacter,Tannerella,Desulfovibrio,Blvii28,Anaerovibrio,Ruminococcus,Succiniclasticum,Bacteroides,Victivallis,Corynebacterium,Veillonella,Shuttleworthia,Prevotella,Eubacterium,Blautia,Bacillus,Serratia,Ethanoligenens,Christensenella,Caloramator,Staphylococcus,Dialister,Rikenella,Haemophilus,Atopobium,Rothia,Clostridium,Anaerofilum,Coriobacterium,Coprobacillus,Megamonas,Roseburia,Odoribacter,Coprococcus,Sediminibacterium,CF231,Methylibium,Enterococcus,Akkermansia,Porphyromonas,C39,Brachyspira,Eggerthella,Megasphaera,Adlercreutzia,Lactobacillus,Bifidobacterium,Lachnospira,Oscillospira,Caldicoprobacter,Lactococcus,Collinsella,Hylemonella,Pectinatus,Actinomyces,Selenomonas,Alistipes,Succinivibrio,Dorea,Paludibacter,Streptococcus,vadinHB04,BF311,Sporomusa,Anaerofustis,Bilophila,Sutterella,Methanobrevibacter,Parabacteroides,Limnohabitans,Parvimonas,Dysgonomonas,Paraprevotella,Anaerotruncus,Phascolarctobacterium,Butyricimonas,Slackia,Butyrivibrio,Arthrobacter,PW3,Peptoniphilus,Lachnobacterium,02d06,5-7N15,Faecalibacterium,Pelosinus,Marvinbryantia,Pseudobutyrivibrio,Janthinobacterium
MGYA00005321,0.0071973514,0.6261695696,0.0071973514,0.0215920541,0.0287894055,0.3742622715,0.0143947027,0.0719735137,0.3814596229,0.0431841082,0.0071973514,8.8599395422,0.0143947027,37.994817907,0.0143947027,0.0071973514,0.0791708651,0.1439470275,9.73801641,0.0287894055,2.3103497913,0.0143947027,0.0071973514,0.0071973514,0.0071973514,0.0071973514,0.0071973514,0.57578811,0.0143947027,0.0215920541,0.0215920541,0.0071973514,1.7129696272,0.2231178926,0.0071973514,0.1079602706,1.3027205988,3.4835180654,0.7629192457,2.6270332518,0.0071973514,0.0503814596,0.0143947027,0.0143947027,0.057578811,0.0071973514,0.0143947027,0.0071973514,0.0071973514,0.460630488,0.0431841082,0.0071973514,1.2667338419,4.9733697999,1.1011947603,0.0071973514,0.0143947027,0.3526702174,0.0071973514,0.1295523247,0.0143947027,0.0071973514,0.0071973514,0.0143947027,1.3674967612,0.0071973514,0.0791708651,0.0503814596,0.0071973514,0.0359867569,0.0143947027,0.1367496761,4.5127393119,0.0359867569,2.1088239528,0.0143947027,0.0143947027,0.3310781632,0.4462357852,0.0143947027,0.6837483806,1.2307470851,0.0143947027,0.1223549734,0.0071973514,0.0071973514,0.0071973514,0.230315244,0.0215920541,0.2015258385,7.9674679718,0.0143947027,0.0071973514,0.0071973514,0.0215920541
