Sample_id,Anaerostipes,AF12,Bifidobacterium,Oribacterium,CandidatusAzobacteroides,SMB53,YRC22,Tannerella,Desulfovibrio,Blvii28,Alistipes,Megamonas,Haemophilus,Ruminococcus,Bacteroides,Clostridium,Corynebacterium,Veillonella,Shuttleworthia,Prevotella,Eubacterium,Staphylococcus,Blautia,Ethanoligenens,Exiguobacterium,Christensenella,Dialister,Bulleidia,cc_115,Lautropia,Methylobacillus,Peptococcus,Anaerofilum,Roseburia,Odoribacter,gut,Sporotomaculum,CF231,Streptococcus,Actinomyces,Akkermansia,Porphyromonas,Megasphaera,Adlercreutzia,Lachnospira,Hespellia,Filifactor,Oscillospira,Caldicoprobacter,Lactococcus,Collinsella,Pectinatus,Coprococcus,Allobaculum,Rikenella,Dorea,Paludibacter,vadinHB04,Granulicatella,BF311,Bilophila,Sutterella,Sarcina,Methanobrevibacter,Parabacteroides,Janthinobacterium,Holdemania,Parvimonas,Dysgonomonas,Syntrophococcus,Paraprevotella,Anaerotruncus,Cellulosibacter,Phascolarctobacterium,Butyricimonas,Marvinbryantia,Mariprofundus,Coprobacillus,Gracilibacter,Catonella,Dehalobacterium,PW3,Lachnobacterium,5-7N15,Roseiflexus,Faecalibacterium,Klebsiella,Butyrivibrio
MGYA00005305,0.2177858439,0.0051853772,0.5289084781,0.0103707545,0.0155561317,0.6844697952,0.0051853772,0.0414830179,0.0103707545,0.0414830179,0.1918589577,0.0725952813,0.0103707545,4.9053668654,19.517759917,0.8711433757,0.0103707545,0.1140782992,0.2385273529,20.1140782992,2.1571169303,0.0051853772,1.4000518538,0.0103707545,0.0051853772,0.0051853772,6.1809696655,0.0570391496,0.0051853772,0.0051853772,0.0051853772,0.0155561317,0.0777806585,1.0163339383,0.2229712212,0.0051853772,0.0051853772,0.0362976407,0.1711174488,0.0051853772,0.0103707545,0.0207415089,0.0518537724,0.0103707545,7.9439979258,0.0051853772,0.0051853772,2.7741768214,0.0051853772,0.0051853772,0.2696396163,0.0051853772,7.243971999,0.0051853772,0.0051853772,0.658542909,0.0051853772,0.0051853772,0.0051853772,0.0051853772,0.0259268862,0.8504018667,0.0051853772,0.0103707545,1.8148820327,0.0051853772,0.0103707545,0.0051853772,0.2540834846,0.0311122634,10.3551983407,0.0051853772,0.0051853772,0.0362976407,0.2333419756,0.0051853772,0.0051853772,0.0103707545,0.0051853772,0.0051853772,0.0051853772,0.0362976407,0.0674099041,0.1400051854,0.0051853772,7.8714026445,0.0207415089,0.1348198081
