Sample_id,Veillonella,Psychroflexus,Anaerostipes,Fusibacter,Bifidobacterium,Oribacterium,CandidatusAzobacteroides,SMB53,Turicibacter,Tannerella,Desulfovibrio,Blvii28,Euzebya,Sufflavibacter,Ruminococcus,Shuttleworthia,Bacteroides,Clostridium,Desulfosporosinus,Prevotella,Corynebacterium,Eubacterium,Dok59,Staphylococcus,Blautia,Bacillus,Campylobacter,Ethanoligenens,Krokinobacter,Dialister,Haemophilus,cc_115,Erwinia,Anaerofilum,Roseburia,Odoribacter,Thiobacillus,CF231,Epulopiscium,Lachnobacterium,Enterococcus,Akkermansia,Porphyromonas,Coprococcus,Actinobacillus,Eggerthella,Megasphaera,Bulleidia,Adlercreutzia,Lactobacillus,1-68,Lachnospira,Oscillospira,Holdemania,Caldicoprobacter,Slackia,Collinsella,WAL_1855D,Actinomyces,Pelosinus,Selenomonas,Alistipes,Coprobacillus,Dorea,Paludibacter,Moryella,vadinHB04,Serratia,Sporomusa,Streptococcus,Ramlibacter,Bilophila,Sutterella,Parabacteroides,Anaerovorax,Dysgonomonas,Paraprevotella,Sedimentibacter,Phascolarctobacterium,Victivallis,Butyricimonas,Butyrivibrio,RFN20,Proteiniclasticum,Megamonas,PW3,Peptoniphilus,Granulicatella,02d06,5-7N15,Barnesiella,Faecalibacterium,Paenibacillus,Klebsiella,Marvinbryantia,Pseudobutyrivibrio,Janthinobacterium
MGYA00005325,0.0186488881,0.004662222,1.1655555038,0.009324444,0.3543288731,0.009324444,0.0559466642,0.6760221922,0.1258799944,0.1585155485,0.0279733321,0.004662222,0.004662222,0.009324444,2.1912443471,0.1305422164,49.9510466688,0.5827777519,0.004662222,1.2867732761,0.004662222,0.2051377687,0.004662222,0.004662222,2.788008765,0.0186488881,0.004662222,0.013986666,0.013986666,1.3240710523,0.0186488881,0.0885822183,0.004662222,0.0792577743,0.9091332929,0.4662222015,0.009324444,0.0372977761,0.004662222,0.0279733321,0.004662222,0.0466222202,0.0326355541,2.7040887687,0.004662222,0.009324444,0.009324444,0.004662222,0.0419599981,0.0326355541,0.004662222,9.5016084666,1.7669821437,0.009324444,0.004662222,0.009324444,0.0652711082,0.009324444,0.004662222,0.004662222,0.009324444,0.004662222,0.1771644366,0.8951466269,0.009324444,0.0233111101,0.004662222,0.004662222,0.004662222,0.1025688843,0.013986666,0.5361555317,2.2798265653,4.1353909273,0.004662222,0.2843955429,0.1911511026,0.013986666,0.1445288825,0.004662222,0.0699333302,0.1445288825,0.004662222,0.004662222,0.004662222,0.004662222,0.013986666,0.004662222,0.004662222,0.4056133153,0.004662222,13.3759149611,0.004662222,0.004662222,0.0233111101,0.004662222,0.004662222
