Sample_id,Anaerostipes,Catenibacterium,Fusibacter,CandidatusAzobacteroides,SMB53,YRC22,Turicibacter,Holdemania,Blvii28,CF231,Haemophilus,Ruminococcus,Succiniclasticum,Streptococcus,Thermacetogenium,Veillonella,Shuttleworthia,Prevotella,Eubacterium,Blautia,Sharpea,Staphylococcus,Clostridium,Actinomyces,Dialister,Bulleidia,cc_115,Atopobium,Facklamia,Rothia,Anaerofilum,Coprobacillus,Megamonas,rc4-4,Roseburia,Odoribacter,Coprococcus,Allobaculum,Parabacteroides,Methylibium,Prauserella,Syntrophomonas,Enterococcus,Porphyromonas,Erwinia,Eggerthella,Megasphaera,Bifidobacterium,Lactobacillus,Bacteroides,Lachnospira,Oscillospira,Caldicoprobacter,Lactococcus,Collinsella,Pectinatus,Sulfuritalea,Rhodococcus,Salmonella,Dorea,Paludibacter,BF311,Sporomusa,Anaerofustis,Fusobacterium,Sutterella,Methanobrevibacter,Mogibacterium,Parvimonas,Dysgonomonas,Syntrophococcus,Paraprevotella,Coriobacterium,Phascolarctobacterium,Butyricimonas,Slackia,Corynebacterium,Butyrivibrio,Halanaerobacter,Anaerovibrio,Hafnia,Citrobacter,C39,Lachnobacterium,Granulicatella,Pelosinus,5-7N15,Faecalibacterium,Bacillus,Marvinbryantia,Microbacterium,Lysinibacillus
MGYA00005297,0.2349890609,1.203306053,0.0364638198,0.0081030711,0.5064419415,0.0486184264,0.0121546066,0.0040515355,0.0040515355,0.0324122843,0.0243092132,1.4707073981,0.0081030711,0.6847095049,0.0040515355,0.0202576777,0.0445668909,48.2618912568,1.2235637307,3.5329389839,0.0202576777,0.0040515355,0.9359047079,0.0324122843,0.3160197715,0.0121546066,0.0040515355,0.0040515355,0.0040515355,0.0040515355,0.0121546066,0.1418037436,6.3284985009,0.0040515355,0.6644518272,0.0040515355,1.5719957864,0.0081030711,0.9278016368,0.0040515355,0.0081030711,0.0040515355,0.0324122843,0.0202576777,0.0040515355,0.0081030711,0.1661129568,0.3727412689,0.0648245685,15.7402155417,5.1454501256,0.6279880075,0.0040515355,0.0162061421,0.1863706345,0.6725548983,0.0040515355,0.0040515355,0.0040515355,1.0047808119,0.0081030711,0.0040515355,0.0040515355,0.0040515355,0.0081030711,1.9447370553,0.0162061421,0.0081030711,0.0040515355,0.1377522081,0.0121546066,0.2633498096,0.0040515355,0.0040515355,0.0405153553,0.0405153553,0.0040515355,0.0445668909,0.0040515355,0.0243092132,0.0040515355,0.0081030711,0.0202576777,0.0040515355,0.0162061421,0.0081030711,0.0405153553,4.8375334252,0.0040515355,0.0040515355,0.0040515355,0.0081030711
