Sample_id,Veillonella,Anaerostipes,Oribacterium,CandidatusAzobacteroides,SMB53,YRC22,Tannerella,Victivallis,Desulfovibrio,Blvii28,Alistipes,Haemophilus,Sufflavibacter,Ruminococcus,Shuttleworthia,Bacteroides,Desulfosporosinus,Prevotella,Corynebacterium,Eubacterium,Succinispira,Blautia,Staphylococcus,Ethanoligenens,Krokinobacter,Actinomyces,Cupriavidus,Caloramator,Aquincola,Dialister,cc_115,Facklamia,Clostridium,Peptococcus,Anaerofilum,Parabacteroides,Coprobacillus,rc4-4,Roseburia,Odoribacter,CF231,Streptococcus,Epulopiscium,Lutispora,02d06,Enterococcus,Akkermansia,Porphyromonas,Megasphaera,Bulleidia,Adlercreutzia,Lactobacillus,Bifidobacterium,Lachnospira,Oscillospira,Aggregatibacter,Holdemania,Caldicoprobacter,Catenibacterium,Lactococcus,Collinsella,Coprococcus,Allobaculum,Succinivibrio,Dorea,vadinHB04,BF311,Sporomusa,Moryella,Bilophila,Tatlockia,Thiomonas,Sutterella,Atopobium,Succiniclasticum,Robinsoniella,Parvimonas,Dysgonomonas,Syntrophococcus,Paraprevotella,Brackiella,Sedimentibacter,Coriobacterium,Phascolarctobacterium,Klebsiella,Butyricimonas,Slackia,Aminobacterium,RFN20,Anaerovibrio,Dehalobacterium,Peptoniphilus,Lachnobacterium,Pelosinus,5-7N15,Faecalibacterium,WH1-8,Butyrivibrio,Pseudobutyrivibrio
MGYA00005326,0.0717102904,1.4126927214,0.0286841162,0.0143420581,0.6812477591,0.007171029,0.0430261743,0.0143420581,0.0286841162,0.0215130871,0.007171029,0.0430261743,0.0430261743,13.2233775547,0.172104697,32.7214055217,0.0143420581,3.9082108283,0.0143420581,1.678020796,0.0286841162,5.2922194335,0.0215130871,0.0501972033,0.0860523485,0.0573682323,0.0215130871,0.007171029,0.007171029,0.3226963069,0.0143420581,0.0215130871,0.8892076013,0.007171029,0.3155252779,2.6030835425,0.1362495518,0.007171029,2.0437432772,0.4302617426,0.0501972033,0.1864467551,0.0143420581,0.007171029,0.0143420581,0.007171029,0.3011832198,0.0143420581,0.0143420581,0.0215130871,0.0358551452,0.007171029,0.7816421657,4.3958408032,1.3266403729,0.007171029,0.0143420581,0.007171029,0.007171029,0.007171029,0.6238795267,3.9584080316,0.007171029,0.007171029,2.4740050197,0.0143420581,0.007171029,0.0286841162,0.0215130871,0.4732879168,0.007171029,0.007171029,2.4022947293,0.007171029,0.0358551452,0.007171029,0.0286841162,0.1577626389,0.007171029,0.4589458587,0.007171029,0.1003944066,0.007171029,0.7529580495,0.0143420581,0.2151308713,0.0143420581,0.007171029,0.007171029,0.0215130871,0.007171029,0.007171029,0.0215130871,0.007171029,0.2223019003,13.954822517,0.007171029,0.1434205809,0.0143420581
