Sample_id,GW-34,WH1-8,Anaerostipes,Fusibacter,Oribacterium,CandidatusAzobacteroides,SMB53,YRC22,Turicibacter,Tannerella,Blvii28,Nesterenkonia,Haemophilus,Sufflavibacter,Ruminococcus,Succiniclasticum,Bacteroides,Clostridium,Desulfosporosinus,Victivallis,Finegoldia,Bifidobacterium,Veillonella,Shuttleworthia,Prevotella,Eubacterium,Succinispira,Blautia,Bacillus,Ethanoligenens,Krokinobacter,Moryella,Dialister,cc_115,Parabacteroides,Coprobacillus,Anaerofilum,Roseburia,Odoribacter,CF231,Methylibium,Enterococcus,Akkermansia,Porphyromonas,Acidaminococcus,Chlorobium,Desulfovibrio,Bulleidia,Adlercreutzia,Cloacibacillus,Lachnospira,Oscillospira,Aggregatibacter,Anaerobaculum,Collinsella,Actinomyces,Coprococcus,Alistipes,Succinivibrio,Dorea,Paludibacter,Streptococcus,vadinHB04,Robinsoniella,Sporomusa,Ramlibacter,Bilophila,Anaerotruncus,Mannheimia,Sutterella,Lautropia,Atopobium,Holdemania,Parvimonas,Dysgonomonas,Paraprevotella,Brackiella,Sedimentibacter,Phascolarctobacterium,Butyricimonas,Slackia,Butyrivibrio,Mariprofundus,Anaerovibrio,PW3,Lachnobacterium,Lactobacillus,Virgibacillus,02d06,Thermosinus,5-7N15,Faecalibacterium,Klebsiella,Marvinbryantia,Lysinibacillus
MGYA00005300,0.0054725551,0.0054725551,0.9631697039,0.0164176654,0.0109451103,0.038307886,0.7880479396,0.0054725551,0.0601981065,0.082088327,0.0164176654,0.0054725551,0.0547255514,0.0273627757,4.3616264434,0.0492529962,48.6729053795,0.6731242817,0.0109451103,0.0218902205,0.0054725551,0.361188639,0.0766157719,0.1039785476,2.2601652712,0.4049690801,0.0054725551,2.9551797734,0.0328353308,0.0164176654,0.0164176654,0.0109451103,1.0288403656,0.0164176654,3.3601488535,0.1805943195,0.2462649811,1.1711267991,0.4980025174,0.0328353308,0.0054725551,0.0218902205,0.1313413233,0.0273627757,0.0218902205,0.0054725551,0.0109451103,0.0054725551,0.038307886,0.0054725551,7.3441689925,2.0357905106,0.0109451103,0.0109451103,0.0985059924,0.0218902205,2.697969682,0.0054725551,0.0164176654,1.0890384721,0.0328353308,0.5417829585,0.0164176654,0.0054725551,0.0437804411,0.0109451103,0.4378044109,0.0054725551,0.0054725551,2.5173753626,0.0164176654,0.0054725551,0.0109451103,0.0054725551,0.2189022054,0.3283533082,0.0054725551,0.0109451103,1.0780933618,0.0985059924,0.0054725551,0.1477589887,0.0054725551,0.0054725551,0.0109451103,0.0547255514,0.0218902205,0.0054725551,0.0054725551,0.0054725551,0.3721337492,11.6839052153,0.0054725551,0.0054725551,0.0109451103
