Sample_id,Anaerostipes,Blautia,Thioalkalivibrio,Xenorhabdus,SMB53,YRC22,Tannerella,Desulfovibrio,Blvii28,Alistipes,Ruminococcus,Bacteroides,Clostridium,Epulopiscium,Flexibacter,Veillonella,Shuttleworthia,Ethanoligenens,Eubacterium,Prevotella,Gemella,AF12,Staphylococcus,Christensenella,Mobiluncus,Mycobacterium,Dialister,Haemophilus,Lautropia,Peptococcus,Parabacteroides,Coriobacterium,Coprobacillus,Anaerofilum,Roseburia,Odoribacter,CandidatusAzobacteroides,Thiobacillus,Sporotomaculum,CF231,Streptococcus,Methylibium,Actinomyces,Wohlfahrtiimonas,Enterococcus,Porphyromonas,Erwinia,Megasphaera,Bulleidia,Adlercreutzia,Bifidobacterium,Lachnospira,Oscillospira,Methanobrevibacter,Caldicoprobacter,Lactococcus,Collinsella,Pectinatus,Coprococcus,Allobaculum,Dorea,Paludibacter,Robinsoniella,Sporomusa,Moryella,Bilophila,Sutterella,Atopobium,Mogibacterium,Limnohabitans,Holdemania,Dysgonomonas,Syntrophococcus,Paraprevotella,Anaerotruncus,Aggregatibacter,Phascolarctobacterium,Butyricimonas,RFN20,Gracilibacter,Megamonas,Dehalobacterium,PW3,Peptoniphilus,Lachnobacterium,5-7N15,Barnesiella,Faecalibacterium,Paenibacillus,Klebsiella,Butyrivibrio,Pseudobutyrivibrio
MGYA00005306,0.2427545207,1.4812979936,0.0049541739,0.0049541739,0.6589051276,0.0148625217,0.0297250433,0.0198166956,0.0346792172,0.2675253901,4.8105028486,19.6234827842,0.9016596483,0.0049541739,0.0049541739,0.0644042606,0.2526628685,0.0148625217,2.4424077285,19.3757740897,0.0099083478,0.0049541739,0.0049541739,0.0099083478,0.0099083478,0.0049541739,5.8508793659,0.0297250433,0.0049541739,0.0198166956,1.8627693832,0.0049541739,0.0148625217,0.0594500867,1.0304681694,0.272479564,0.0099083478,0.0049541739,0.0099083478,0.0594500867,0.1981669557,0.0049541739,0.0049541739,0.0049541739,0.0049541739,0.0099083478,0.0049541739,0.0842209562,0.0297250433,0.0297250433,0.5400049542,8.080257617,2.9576418132,0.0049541739,0.0198166956,0.0049541739,0.3913797374,0.0099083478,7.4758484023,0.0099083478,0.9462472133,0.0099083478,0.0049541739,0.0099083478,0.0099083478,0.0346792172,0.7827594749,0.0049541739,0.0099083478,0.0148625217,0.0148625217,0.1733960862,0.0346792172,9.9331186525,0.0148625217,0.0049541739,0.0198166956,0.2873420857,0.0049541739,0.0049541739,0.0495417389,0.0198166956,0.0346792172,0.0049541739,0.0743126084,0.1189001734,0.0049541739,7.8275947486,0.0049541739,0.0148625217,0.1139459995,0.0049541739
