Sample_id,Anaerostipes,SMB53,YRC22,Turicibacter,Tannerella,Blvii28,Alistipes,Haemophilus,Sufflavibacter,AF12,Dorea,Ruminococcus,Succiniclasticum,Bacteroides,Hafnia,Corynebacterium,Veillonella,Shuttleworthia,Ethanoligenens,Eubacterium,Prevotella,Blautia,Bacillus,Staphylococcus,Krokinobacter,Filifactor,Dialister,Clostridium,Methanobrevibacter,Peptococcus,Mogibacterium,Coprobacillus,Serratia,Anaerofilum,Roseburia,Odoribacter,CF231,02d06,CandidatusRhodoluna,Methylibium,Enterococcus,Akkermansia,Porphyromonas,Chlorobium,Megasphaera,Bulleidia,Adlercreutzia,Lactobacillus,Bifidobacterium,Citrobacter,Lachnospira,Oscillospira,Lactococcus,Collinsella,Pectinatus,Coprococcus,Paludibacter,Streptococcus,Enterobacter,Moryella,Bilophila,Sutterella,Atopobium,Parabacteroides,Limnohabitans,Holdemania,Dysgonomonas,Syntrophococcus,Paraprevotella,Anaerotruncus,Phascolarctobacterium,Butyricimonas,Slackia,Marvinbryantia,Megamonas,Dehalobacterium,Erwinia,Trichococcus,PW3,Lachnobacterium,Janthinobacterium,Pelosinus,5-7N15,Barnesiella,Faecalibacterium,Klebsiella,Butyrivibrio
MGYA00005302,0.2215359828,0.3759398496,0.0134264232,0.0604189044,0.0268528464,0.033566058,0.2282491944,0.033566058,0.0067132116,0.0134264232,1.0808270677,6.5386680988,0.0067132116,21.6366809882,0.0067132116,0.0067132116,0.0201396348,0.0939849624,0.0201396348,1.5776047261,26.2486573577,2.6785714286,0.0268528464,0.0201396348,0.0067132116,0.0067132116,3.7593984962,0.6444683136,0.0134264232,0.0268528464,0.0067132116,0.0738453276,0.0067132116,0.100698174,0.8391514501,0.2081095596,0.0134264232,0.0134264232,0.0067132116,0.0067132116,0.0067132116,0.0268528464,0.0067132116,0.0067132116,0.067132116,0.0469924812,0.0134264232,0.0201396348,1.2755102041,0.0067132116,4.5582706767,2.3630504834,0.0067132116,0.7585929108,0.0537056928,3.2827604726,0.0268528464,0.6511815252,0.0067132116,0.0067132116,0.0537056928,1.2218045113,0.0067132116,2.3294844253,0.0067132116,0.0067132116,0.1275510204,0.0067132116,2.1348012889,0.0134264232,0.0805585392,0.3423737916,0.0402792696,0.0067132116,0.1879699248,0.0134264232,0.0067132116,0.0067132116,0.033566058,0.134264232,0.0067132116,0.0067132116,0.134264232,0.0067132116,13.0907626208,0.0067132116,0.0872717508
