Sample_id,Hafnia,Anaerostipes,Fusibacter,Oribacterium,Xenorhabdus,SMB53,Turicibacter,Tannerella,Desulfovibrio,Blvii28,AF12,Ruminococcus,Bacteroides,Clostridium,Victivallis,Shuttleworthia,Prevotella,Blautia,Chitinophaga,Yersinia,Krokinobacter,Aggregatibacter,Dialister,Rikenella,Haemophilus,cc_115,Methanobrevibacter,Parabacteroides,Erwinia,Coprobacillus,rc4-4,Anaerofilum,Odoribacter,CandidatusAzobacteroides,CF231,Anaeroplasma,Akkermansia,Porphyromonas,CandidatusPhlomobacter,Eggerthella,Megasphaera,Wohlfahrtiimonas,Bifidobacterium,Citrobacter,Lachnospira,Oscillospira,Methanomassiliicoccus,Veillonella,Catenibacterium,Garciella,Lactococcus,Collinsella,Coprococcus,Alistipes,Dorea,Paludibacter,Moryella,vadinHB04,Ruminofilibacter,Serratia,Sporomusa,Enterobacter,Bilophila,Sutterella,Trabulsiella,Dysgonomonas,Eubacterium,Syntrophococcus,Paraprevotella,Anaerotruncus,Sedimentibacter,Streptococcus,Phascolarctobacterium,Butyricimonas,Marvinbryantia,Pragia,Necropsobacter,Gracilibacter,Megamonas,Dehalobacterium,Klebsiella,Roseburia,PW3,Thermosinus,5-7N15,Faecalibacterium,CandidatusHamiltonella,Butyrivibrio,Pseudobutyrivibrio
MGYA00005314,0.084645336,0.5248010835,0.0507872016,0.0507872016,0.0507872016,0.3555104114,0.2031488065,0.2877941425,1.1511765702,0.0169290672,0.0169290672,5.7897409853,35.7880480786,1.1003893685,0.0169290672,0.0507872016,3.1149483663,0.7787370916,0.0169290672,0.0169290672,0.1015744033,0.0338581344,0.1354325377,0.5586592179,0.0169290672,0.0338581344,3.8090401219,17.5554426951,0.0169290672,0.0507872016,0.0338581344,0.0507872016,8.447604537,0.0507872016,0.1015744033,0.0169290672,1.8791264601,0.1015744033,0.0169290672,0.0169290672,0.0338581344,0.0169290672,0.1354325377,0.0507872016,0.9141696293,6.7885559506,0.0338581344,0.0338581344,0.0677162688,0.0169290672,0.0338581344,0.0338581344,2.5224310141,0.0338581344,1.1173184358,0.321652277,0.1523616049,0.0169290672,0.0169290672,0.1185034705,0.0169290672,0.0169290672,0.8464533604,0.490942949,0.0169290672,0.1015744033,0.0169290672,0.0169290672,0.5755882851,0.084645336,0.0169290672,0.0338581344,0.0338581344,0.7618080244,0.0169290672,0.0169290672,0.0169290672,0.0169290672,0.0677162688,0.0338581344,0.1523616049,0.2877941425,0.0169290672,0.0169290672,0.1354325377,1.0834603013,0.0169290672,0.084645336,0.0507872016
