Sample_id,Leptotrichia,Anaerostipes,Bifidobacterium,Oribacterium,CandidatusAzobacteroides,SMB53,Turicibacter,Tannerella,Blvii28,Alistipes,Epulopiscium,Haemophilus,Euzebya,Sufflavibacter,Dorea,Ruminococcus,Succiniclasticum,Bacteroides,Clostridium,Victivallis,Veillonella,Shuttleworthia,Ethanoligenens,Eubacterium,Prevotella,Blautia,Bacillus,Campylobacter,Staphylococcus,Krokinobacter,Moryella,Actinomyces,Filifactor,Dialister,cc_115,Parabacteroides,Rothia,rc4-4,Anaerofilum,Roseburia,Odoribacter,CF231,Methylibium,Enterococcus,Akkermansia,Porphyromonas,Acidaminococcus,Erwinia,Megasphaera,Adlercreutzia,Lactobacillus,Lachnospira,Oscillospira,Lactococcus,Collinsella,Hylemonella,Coprococcus,Selenomonas,Succinivibrio,Coprobacillus,Paludibacter,Streptococcus,vadinHB04,Bulleidia,Desulfovibrio,Robinsoniella,Sporomusa,Dermacoccus,CandidatusPortiera,Bilophila,Mannheimia,Sedimentibacter,Sutterella,Lautropia,Atopobium,Rummeliibacillus,Holdemania,Dysgonomonas,Syntrophococcus,Paraprevotella,Anaerotruncus,Phascolarctobacterium,Butyricimonas,Butyrivibrio,PW3,Lachnobacterium,02d06,5-7N15,Melissococcus,Faecalibacterium,Paenibacillus,WH1-8,Marvinbryantia,Pseudobutyrivibrio,Lysinibacillus
MGYA00005299,0.0124579544,0.9156596487,0.3737386321,0.0186869316,0.031144886,0.6851874922,0.1121215896,0.0560607948,0.0124579544,0.0062289772,0.0062289772,0.0498318176,0.0062289772,0.0124579544,1.0153232839,3.9429425688,0.0249159088,49.2712096674,0.647813629,0.0373738632,0.0747477264,0.0872056808,0.0186869316,0.3239068145,2.2175158839,2.8279556497,0.0186869316,0.0124579544,0.0062289772,0.0373738632,0.0186869316,0.0186869316,0.0062289772,1.1025289647,0.0560607948,2.9525351937,0.0062289772,0.0062289772,0.2553880653,1.1212158963,0.492089199,0.0373738632,0.0186869316,0.0249159088,0.1494954528,0.0373738632,0.0062289772,0.0062289772,0.0062289772,0.031144886,0.0498318176,7.7924504796,1.7752585026,0.0124579544,0.093434658,0.0062289772,2.684689174,0.0124579544,0.0124579544,0.2429301109,0.0186869316,0.5668369254,0.0373738632,0.0062289772,0.0062289772,0.0124579544,0.0498318176,0.0062289772,0.0062289772,0.4422573813,0.0062289772,0.0124579544,2.466674972,0.0062289772,0.0124579544,0.0062289772,0.0062289772,0.3114488601,0.0249159088,0.2429301109,0.0062289772,1.0340102155,0.0685187492,0.1494954528,0.0124579544,0.0872056808,0.0124579544,0.3239068145,0.0062289772,12.0966737262,0.0062289772,0.0124579544,0.0124579544,0.0124579544,0.0124579544
