Sample_id,Enterobacter,Anaerostipes,Fusibacter,Bifidobacterium,Aggregatibacter,CandidatusAzobacteroides,SMB53,Turicibacter,Tannerella,Desulfovibrio,CF231,Nesterenkonia,Megamonas,Haemophilus,Ruminococcus,Succiniclasticum,Epulopiscium,Corynebacterium,Veillonella,Shuttleworthia,Eubacterium,Succinispira,Prevotella,Blautia,Pseudoramibacter_Eubacterium,Eggerthella,Moryella,Bacteroides,Clostridium,Dialister,Rikenella,Lautropia,Facklamia,Peptococcus,Parabacteroides,Friedmanniella,Coprobacillus,Anaerofilum,Roseburia,Odoribacter,Thiobacillus,Kordia,Allobaculum,Streptococcus,Actinomyces,Anaerococcus,Morganella,Methylibium,Enterococcus,Akkermansia,Porphyromonas,CandidatusPhlomobacter,Megasphaera,Psychroflexus,Lactobacillus,Lachnospira,Oscillospira,Methanomassiliicoccus,Gallionella,Catenibacterium,Lactococcus,Collinsella,Hylemonella,Pectinatus,Coprococcus,Dehalobacterium,Dorea,Paludibacter,Sporomusa,Bilophila,Thiomonas,Sutterella,Butyricicoccus,Methanobrevibacter,Mogibacterium,Methylobacillus,Parvimonas,Dysgonomonas,Paraprevotella,Anaerotruncus,Phascolarctobacterium,Butyricimonas,Gracilibacter,Anaerovibrio,Hafnia,Citrobacter,Lachnobacterium,Pelosinus,5-7N15,Faecalibacterium,Butyrivibrio
MGYA00005292,0.014833494,0.1483349403,0.007416747,6.7937402655,0.022250241,0.1557516873,0.0964177112,0.0519172291,0.014833494,0.0519172291,0.014833494,0.014833494,0.2299191575,0.0593339761,2.4178595268,0.014833494,0.007416747,0.0593339761,0.1112512052,0.2818363866,0.0964177112,0.0370837351,1.4462656679,3.3449529037,0.007416747,0.0370837351,0.014833494,18.1191129571,0.6749239783,1.3275977156,0.0667507231,0.007416747,0.007416747,0.014833494,24.8386857524,0.007416747,0.1780019284,0.022250241,3.508121338,0.7639249425,0.007416747,0.007416747,0.2002521694,0.3856708448,0.0370837351,0.007416747,0.022250241,0.014833494,0.022250241,0.2150856634,0.2225024104,0.007416747,6.5860713491,0.007416747,0.0296669881,6.9346584588,1.1644292813,0.007416747,0.007416747,0.014833494,0.014833494,0.0445004821,0.007416747,0.0593339761,2.0989394052,0.007416747,0.9196766298,0.6823407254,0.007416747,0.0370837351,0.007416747,6.6009048431,0.007416747,0.1038344582,0.007416747,0.022250241,0.007416747,0.1409181933,0.0593339761,0.007416747,0.1631684343,0.1112512052,0.007416747,0.0296669881,0.007416747,0.007416747,0.1335014463,0.007416747,0.0370837351,7.5650819551,0.0964177112
