Sample_id,Anaerostipes,Oribacterium,CandidatusAzobacteroides,SMB53,YRC22,Turicibacter,Tannerella,Blvii28,Alistipes,Roseiflexus,Haemophilus,Sufflavibacter,Ruminococcus,Bacteroides,Epulopiscium,Corynebacterium,Bifidobacterium,Veillonella,Shuttleworthia,Prevotella,Eubacterium,Cronobacter,Blautia,Bacillus,Staphylococcus,Ethanoligenens,Krokinobacter,Clostridium,Actinomyces,Caloramator,Dechloromonas,Dialister,cc_115,Methanobrevibacter,Thiomonas,Facklamia,Peptococcus,Parabacteroides,Friedmanniella,Coprobacillus,Anaerofilum,Roseburia,Odoribacter,Moorella,CF231,Streptococcus,Litorilinea,Mogibacterium,Enterococcus,Akkermansia,Chlorobium,Megasphaera,Bulleidia,Adlercreutzia,Lachnospira,Hespellia,Oscillospira,Anaerobaculum,Lactococcus,Collinsella,Pectinatus,Coprococcus,Allobaculum,Succinivibrio,Dorea,Paludibacter,Sporomusa,Moryella,Bilophila,Sutterella,Atopobium,Methylobacillus,Holdemania,Parvimonas,Dysgonomonas,Syntrophococcus,Paraprevotella,Anaerotruncus,Phascolarctobacterium,Butyricimonas,Slackia,Megamonas,PW3,Lachnobacterium,02d06,5-7N15,Barnesiella,Faecalibacterium,Klebsiella,Butyrivibrio,Porphyromonas,Lysinibacillus
MGYA00005303,0.218487395,0.0168067227,0.0056022409,0.3585434174,0.0056022409,0.0672268908,0.0784313725,0.0168067227,0.1568627451,0.0056022409,0.0280112045,0.0056022409,6.3865546218,21.2829131653,0.0056022409,0.0112044818,1.4565826331,0.056022409,0.0504201681,26.268907563,1.4453781513,0.0056022409,2.918767507,0.0728291317,0.0168067227,0.0280112045,0.0112044818,0.6610644258,0.0112044818,0.0056022409,0.0056022409,4.3081232493,0.0056022409,0.0056022409,0.0056022409,0.0056022409,0.0448179272,2.3865546218,0.0112044818,0.0952380952,0.1120448179,0.9299719888,0.1848739496,0.0056022409,0.0112044818,0.649859944,0.0056022409,0.0056022409,0.0168067227,0.0392156863,0.0056022409,0.0840336134,0.0112044818,0.0448179272,4.1176470588,0.0056022409,2.2016806723,0.0056022409,0.0056022409,0.6554621849,0.0280112045,3.4509803922,0.0056022409,0.0056022409,1.2661064426,0.0056022409,0.0056022409,0.0056022409,0.0392156863,1.1484593838,0.0056022409,0.0056022409,0.0056022409,0.0056022409,0.1512605042,0.0056022409,2.0672268908,0.0112044818,0.0336134454,0.380952381,0.0224089636,0.1512605042,0.0672268908,0.1400560224,0.0056022409,0.1120448179,0.0056022409,13.137254902,0.0056022409,0.0728291317,0.0112044818,0.0056022409
